Country,Item Type,Units Sold
,,
Afghanistan,Cosmetics,217192.0
Afghanistan,Baby Food,232084.0
Afghanistan,Vegetables,219937.0
Afghanistan,Household,261953.0
Afghanistan,Cereal,256936.0
Afghanistan,Clothes,220429.0
Afghanistan,Personal Care,255956.0
Afghanistan,Beverages,206154.0
Afghanistan,Fruits,257336.0
Afghanistan,Snacks,237350.0
Afghanistan,Office Supplies,166911.0
Afghanistan,Meat,273402.0
Albania,Cereal,215238.0
Albania,Clothes,250884.0
Albania,Baby Food,191480.0
Albania,Meat,266123.0
Albania,Snacks,210384.0
Albania,Fruits,252283.0
Albania,Beverages,188950.0
Albania,Office Supplies,236822.0
Albania,Personal Care,222874.0
Albania,Household,230929.0
Albania,Cosmetics,204699.0
Albania,Vegetables,276459.0
Algeria,Cereal,251776.0
Algeria,Fruits,191078.0
Algeria,Clothes,170761.0
Algeria,Household,204080.0
Algeria,Office Supplies,252459.0
Algeria,Cosmetics,199119.0
Algeria,Beverages,200062.0
Algeria,Personal Care,231400.0
Algeria,Vegetables,193077.0
Algeria,Meat,165507.0
Algeria,Snacks,237042.0
Algeria,Baby Food,197639.0
Andorra,Clothes,271020.0
Andorra,Baby Food,221118.0
Andorra,Vegetables,204059.0
Andorra,Personal Care,229818.0
Andorra,Cereal,254702.0
Andorra,Household,170319.0
Andorra,Beverages,206224.0
Andorra,Meat,216840.0
Andorra,Snacks,211597.0
Andorra,Office Supplies,210968.0
Andorra,Cosmetics,177337.0
Andorra,Fruits,266342.0
Angola,Fruits,180784.0
Angola,Office Supplies,207410.0
Angola,Baby Food,190214.0
Angola,Vegetables,180549.0
Angola,Beverages,198065.0
Angola,Snacks,149525.0
Angola,Cosmetics,183276.0
Angola,Cereal,180977.0
Angola,Household,180601.0
Angola,Personal Care,211170.0
Angola,Clothes,232193.0
Angola,Meat,181500.0
Antigua and Barbuda ,Meat,244874.0
Antigua and Barbuda ,Vegetables,187430.0
Antigua and Barbuda ,Beverages,256297.0
Antigua and Barbuda ,Baby Food,172512.0
Antigua and Barbuda ,Snacks,221038.0
Antigua and Barbuda ,Personal Care,216365.0
Antigua and Barbuda ,Household,162439.0
Antigua and Barbuda ,Fruits,236033.0
Antigua and Barbuda ,Clothes,156355.0
Antigua and Barbuda ,Cereal,234241.0
Antigua and Barbuda ,Office Supplies,252889.0
Antigua and Barbuda ,Cosmetics,235306.0
Armenia,Meat,163220.0
Armenia,Clothes,208183.0
Armenia,Fruits,236362.0
Armenia,Household,294290.0
Armenia,Snacks,183420.0
Armenia,Office Supplies,246270.0
Armenia,Beverages,160964.0
Armenia,Cosmetics,240449.0
Armenia,Vegetables,200301.0
Armenia,Cereal,185201.0
Armenia,Personal Care,208868.0
Armenia,Baby Food,209633.0
Australia,Vegetables,325292.0
Australia,Office Supplies,138774.0
Australia,Cereal,255293.0
Australia,Baby Food,268011.0
Australia,Cosmetics,299283.0
Australia,Fruits,252476.0
Australia,Beverages,178864.0
Australia,Household,291921.0
Australia,Snacks,238481.0
Australia,Personal Care,219193.0
Australia,Meat,193249.0
Australia,Clothes,254794.0
Austria,Vegetables,176280.0
Austria,Personal Care,168929.0
Austria,Office Supplies,258301.0
Austria,Household,218792.0
Austria,Cereal,234902.0
Austria,Meat,226410.0
Austria,Cosmetics,308664.0
Austria,Fruits,203586.0
Austria,Snacks,184453.0
Austria,Baby Food,168348.0
Austria,Beverages,203497.0
Austria,Clothes,186228.0
Azerbaijan,Personal Care,210390.0
Azerbaijan,Cereal,214414.0
Azerbaijan,Clothes,176400.0
Azerbaijan,Fruits,260471.0
Azerbaijan,Snacks,265419.0
Azerbaijan,Meat,282342.0
Azerbaijan,Vegetables,263450.0
Azerbaijan,Household,241963.0
Azerbaijan,Baby Food,239636.0
Azerbaijan,Office Supplies,195291.0
Azerbaijan,Cosmetics,228787.0
Azerbaijan,Beverages,183094.0
Bahrain,Beverages,230040.0
Bahrain,Baby Food,219303.0
Bahrain,Fruits,197208.0
Bahrain,Snacks,205580.0
Bahrain,Cereal,210473.0
Bahrain,Meat,217133.0
Bahrain,Cosmetics,241002.0
Bahrain,Household,269856.0
Bahrain,Personal Care,212831.0
Bahrain,Vegetables,258919.0
Bahrain,Clothes,228628.0
Bahrain,Office Supplies,356759.0
Bangladesh,Fruits,196439.0
Bangladesh,Cereal,207931.0
Bangladesh,Baby Food,271906.0
Bangladesh,Clothes,250897.0
Bangladesh,Beverages,211659.0
Bangladesh,Household,229870.0
Bangladesh,Office Supplies,213618.0
Bangladesh,Cosmetics,245841.0
Bangladesh,Snacks,294867.0
Bangladesh,Meat,238708.0
Bangladesh,Personal Care,252165.0
Bangladesh,Vegetables,193711.0
Barbados,Baby Food,227496.0
Barbados,Clothes,213619.0
Barbados,Cosmetics,261052.0
Barbados,Snacks,201734.0
Barbados,Vegetables,145285.0
Barbados,Office Supplies,292391.0
Barbados,Household,230338.0
Barbados,Personal Care,159084.0
Barbados,Beverages,133968.0
Barbados,Cereal,186296.0
Barbados,Meat,204950.0
Barbados,Fruits,290889.0
Belarus,Household,271001.0
Belarus,Vegetables,211011.0
Belarus,Clothes,204034.0
Belarus,Snacks,245899.0
Belarus,Beverages,216333.0
Belarus,Baby Food,247181.0
Belarus,Office Supplies,260290.0
Belarus,Cosmetics,133560.0
Belarus,Cereal,262755.0
Belarus,Personal Care,235653.0
Belarus,Fruits,173439.0
Belarus,Meat,205192.0
Belgium,Vegetables,205692.0
Belgium,Beverages,234586.0
Belgium,Cosmetics,215862.0
Belgium,Office Supplies,261832.0
Belgium,Snacks,191887.0
Belgium,Clothes,239541.0
Belgium,Baby Food,192652.0
Belgium,Meat,259928.0
Belgium,Cereal,220701.0
Belgium,Fruits,237977.0
Belgium,Household,233468.0
Belgium,Personal Care,250074.0
Belize,Vegetables,243750.0
Belize,Cereal,210928.0
Belize,Snacks,223662.0
Belize,Household,278523.0
Belize,Clothes,217089.0
Belize,Baby Food,181355.0
Belize,Personal Care,266511.0
Belize,Beverages,252352.0
Belize,Meat,203692.0
Belize,Cosmetics,230820.0
Belize,Office Supplies,180046.0
Belize,Fruits,195938.0
Benin,Household,307176.0
Benin,Clothes,188420.0
Benin,Personal Care,171156.0
Benin,Snacks,265194.0
Benin,Cereal,239097.0
Benin,Vegetables,196037.0
Benin,Office Supplies,178262.0
Benin,Fruits,178175.0
Benin,Baby Food,283681.0
Benin,Cosmetics,316702.0
Benin,Meat,224865.0
Benin,Beverages,193070.0
Bhutan,Beverages,186925.0
Bhutan,Fruits,216724.0
Bhutan,Baby Food,292042.0
Bhutan,Office Supplies,225700.0
Bhutan,Vegetables,189898.0
Bhutan,Personal Care,180419.0
Bhutan,Meat,211379.0
Bhutan,Household,256961.0
Bhutan,Cereal,279452.0
Bhutan,Snacks,218921.0
Bhutan,Clothes,236686.0
Bhutan,Cosmetics,197918.0
Bosnia and Herzegovina,Cosmetics,176488.0
Bosnia and Herzegovina,Office Supplies,221670.0
Bosnia and Herzegovina,Personal Care,213165.0
Bosnia and Herzegovina,Household,234761.0
Bosnia and Herzegovina,Beverages,230512.0
Bosnia and Herzegovina,Baby Food,221119.0
Bosnia and Herzegovina,Cereal,186126.0
Bosnia and Herzegovina,Vegetables,224558.0
Bosnia and Herzegovina,Meat,264739.0
Bosnia and Herzegovina,Fruits,222085.0
Bosnia and Herzegovina,Clothes,229263.0
Bosnia and Herzegovina,Snacks,224473.0
Botswana,Vegetables,234726.0
Botswana,Personal Care,241420.0
Botswana,Household,241337.0
Botswana,Snacks,185196.0
Botswana,Meat,278415.0
Botswana,Beverages,179837.0
Botswana,Cosmetics,188285.0
Botswana,Cereal,292829.0
Botswana,Office Supplies,178141.0
Botswana,Fruits,307016.0
Botswana,Clothes,229302.0
Botswana,Baby Food,256623.0
Brunei,Cosmetics,235598.0
Brunei,Clothes,247212.0
Brunei,Beverages,216361.0
Brunei,Vegetables,194437.0
Brunei,Cereal,148446.0
Brunei,Household,172762.0
Brunei,Snacks,220787.0
Brunei,Personal Care,245774.0
Brunei,Fruits,312048.0
Brunei,Baby Food,259288.0
Brunei,Office Supplies,249720.0
Brunei,Meat,253844.0
Bulgaria,Personal Care,211727.0
Bulgaria,Clothes,286415.0
Bulgaria,Baby Food,237603.0
Bulgaria,Household,239249.0
Bulgaria,Meat,225774.0
Bulgaria,Vegetables,288188.0
Bulgaria,Snacks,186363.0
Bulgaria,Beverages,314458.0
Bulgaria,Cereal,220885.0
Bulgaria,Office Supplies,268392.0
Bulgaria,Fruits,169537.0
Bulgaria,Cosmetics,196264.0
Burkina Faso,Office Supplies,247528.0
Burkina Faso,Cereal,186547.0
Burkina Faso,Baby Food,244600.0
Burkina Faso,Personal Care,239430.0
Burkina Faso,Vegetables,196334.0
Burkina Faso,Household,219091.0
Burkina Faso,Meat,176460.0
Burkina Faso,Beverages,188439.0
Burkina Faso,Cosmetics,247638.0
Burkina Faso,Fruits,245116.0
Burkina Faso,Snacks,180558.0
Burkina Faso,Clothes,162859.0
Burundi,Personal Care,150636.0
Burundi,Office Supplies,253357.0
Burundi,Vegetables,170335.0
Burundi,Beverages,251713.0
Burundi,Clothes,231503.0
Burundi,Cereal,258350.0
Burundi,Snacks,257697.0
Burundi,Fruits,232244.0
Burundi,Household,228338.0
Burundi,Baby Food,224655.0
Burundi,Cosmetics,275695.0
Burundi,Meat,208028.0
Cambodia,Beverages,268159.0
Cambodia,Fruits,243455.0
Cambodia,Vegetables,265004.0
Cambodia,Snacks,242991.0
Cambodia,Household,263389.0
Cambodia,Meat,301028.0
Cambodia,Baby Food,226327.0
Cambodia,Cereal,293759.0
Cambodia,Office Supplies,167303.0
Cambodia,Personal Care,263129.0
Cambodia,Cosmetics,198427.0
Cambodia,Clothes,213992.0
Cameroon,Meat,235687.0
Cameroon,Vegetables,249371.0
Cameroon,Cereal,174881.0
Cameroon,Cosmetics,213619.0
Cameroon,Office Supplies,276657.0
Cameroon,Household,230769.0
Cameroon,Baby Food,287125.0
Cameroon,Beverages,250123.0
Cameroon,Clothes,211326.0
Cameroon,Fruits,160515.0
Cameroon,Snacks,172389.0
Cameroon,Personal Care,185491.0
Canada,Clothes,194125.0
Canada,Beverages,248748.0
Canada,Meat,205177.0
Canada,Household,219832.0
Canada,Personal Care,219228.0
Canada,Baby Food,210112.0
Canada,Office Supplies,250210.0
Canada,Snacks,258341.0
Canada,Fruits,247987.0
Canada,Vegetables,238935.0
Canada,Cereal,250137.0
Canada,Cosmetics,274144.0
Cape Verde,Vegetables,170825.0
Cape Verde,Cosmetics,273056.0
Cape Verde,Baby Food,245031.0
Cape Verde,Fruits,208159.0
Cape Verde,Household,228755.0
Cape Verde,Clothes,215627.0
Cape Verde,Personal Care,217704.0
Cape Verde,Cereal,254599.0
Cape Verde,Snacks,192158.0
Cape Verde,Beverages,190891.0
Cape Verde,Meat,301964.0
Cape Verde,Office Supplies,174481.0
Central African Republic,Meat,222319.0
Central African Republic,Baby Food,219324.0
Central African Republic,Snacks,278151.0
Central African Republic,Office Supplies,193790.0
Central African Republic,Household,235021.0
Central African Republic,Personal Care,250515.0
Central African Republic,Cereal,174769.0
Central African Republic,Cosmetics,217994.0
Central African Republic,Clothes,203195.0
Central African Republic,Vegetables,203089.0
Central African Republic,Beverages,230221.0
Central African Republic,Fruits,244302.0
Chad,Snacks,184306.0
Chad,Household,177463.0
Chad,Beverages,219541.0
Chad,Baby Food,199155.0
Chad,Cosmetics,233088.0
Chad,Personal Care,193148.0
Chad,Clothes,221457.0
Chad,Meat,247071.0
Chad,Fruits,178523.0
Chad,Vegetables,217533.0
Chad,Cereal,268291.0
Chad,Office Supplies,320885.0
China,Fruits,193494.0
China,Beverages,215160.0
China,Cosmetics,179748.0
China,Baby Food,204896.0
China,Snacks,221596.0
China,Personal Care,302526.0
China,Meat,242350.0
China,Office Supplies,214150.0
China,Clothes,297651.0
China,Vegetables,247419.0
China,Household,234853.0
China,Cereal,212193.0
Comoros,Vegetables,216381.0
Comoros,Cosmetics,235193.0
Comoros,Clothes,253532.0
Comoros,Household,220423.0
Comoros,Baby Food,196412.0
Comoros,Meat,230691.0
Comoros,Office Supplies,212651.0
Comoros,Fruits,176477.0
Comoros,Beverages,269167.0
Comoros,Personal Care,209145.0
Comoros,Snacks,200551.0
Comoros,Cereal,136167.0
Costa Rica,Personal Care,156395.0
Costa Rica,Clothes,237022.0
Costa Rica,Fruits,227780.0
Costa Rica,Baby Food,233001.0
Costa Rica,Office Supplies,258795.0
Costa Rica,Meat,261476.0
Costa Rica,Beverages,205937.0
Costa Rica,Snacks,235184.0
Costa Rica,Cosmetics,195955.0
Costa Rica,Vegetables,269604.0
Costa Rica,Cereal,278154.0
Costa Rica,Household,232711.0
Cote d'Ivoire,Meat,174831.0
Cote d'Ivoire,Vegetables,244621.0
Cote d'Ivoire,Household,224494.0
Cote d'Ivoire,Baby Food,181297.0
Cote d'Ivoire,Beverages,271238.0
Cote d'Ivoire,Clothes,321725.0
Cote d'Ivoire,Office Supplies,193319.0
Cote d'Ivoire,Personal Care,264389.0
Cote d'Ivoire,Cosmetics,228446.0
Cote d'Ivoire,Cereal,235789.0
Cote d'Ivoire,Fruits,209012.0
Cote d'Ivoire,Snacks,262434.0
Croatia,Cosmetics,228992.0
Croatia,Vegetables,255304.0
Croatia,Clothes,224993.0
Croatia,Snacks,237378.0
Croatia,Office Supplies,216981.0
Croatia,Household,208881.0
Croatia,Baby Food,274353.0
Croatia,Personal Care,154828.0
Croatia,Beverages,277811.0
Croatia,Meat,274048.0
Croatia,Fruits,257281.0
Croatia,Cereal,246559.0
Cuba,Personal Care,204475.0
Cuba,Office Supplies,253621.0
Cuba,Fruits,293746.0
Cuba,Household,241962.0
Cuba,Meat,287787.0
Cuba,Vegetables,127203.0
Cuba,Snacks,210795.0
Cuba,Beverages,217542.0
Cuba,Clothes,196615.0
Cuba,Cosmetics,256659.0
Cuba,Cereal,215206.0
Cuba,Baby Food,244343.0
Cyprus,Office Supplies,248285.0
Cyprus,Vegetables,170416.0
Cyprus,Clothes,192493.0
Cyprus,Baby Food,203635.0
Cyprus,Fruits,207118.0
Cyprus,Beverages,249002.0
Cyprus,Snacks,229324.0
Cyprus,Meat,178512.0
Cyprus,Cereal,243529.0
Cyprus,Household,211797.0
Cyprus,Cosmetics,191292.0
Cyprus,Personal Care,252060.0
Czech Republic,Personal Care,230386.0
Czech Republic,Beverages,211145.0
Czech Republic,Snacks,252570.0
Czech Republic,Baby Food,245617.0
Czech Republic,Cereal,222241.0
Czech Republic,Clothes,216582.0
Czech Republic,Vegetables,245752.0
Czech Republic,Cosmetics,214884.0
Czech Republic,Household,197168.0
Czech Republic,Office Supplies,237127.0
Czech Republic,Fruits,188719.0
Czech Republic,Meat,191220.0
Democratic Republic of the Congo,Cosmetics,232428.0
Democratic Republic of the Congo,Beverages,298827.0
Democratic Republic of the Congo,Snacks,255942.0
Democratic Republic of the Congo,Fruits,159974.0
Democratic Republic of the Congo,Clothes,183508.0
Democratic Republic of the Congo,Vegetables,173015.0
Democratic Republic of the Congo,Personal Care,207446.0
Democratic Republic of the Congo,Office Supplies,190622.0
Democratic Republic of the Congo,Cereal,173941.0
Democratic Republic of the Congo,Household,210532.0
Democratic Republic of the Congo,Meat,251765.0
Democratic Republic of the Congo,Baby Food,235491.0
Denmark,Cereal,236438.0
Denmark,Cosmetics,238126.0
Denmark,Household,239774.0
Denmark,Clothes,227195.0
Denmark,Beverages,182378.0
Denmark,Meat,185775.0
Denmark,Office Supplies,211146.0
Denmark,Baby Food,224717.0
Denmark,Snacks,192910.0
Denmark,Personal Care,314245.0
Denmark,Fruits,212944.0
Denmark,Vegetables,274671.0
Djibouti,Cereal,195785.0
Djibouti,Snacks,226803.0
Djibouti,Household,252824.0
Djibouti,Baby Food,242748.0
Djibouti,Meat,214032.0
Djibouti,Clothes,252388.0
Djibouti,Vegetables,263118.0
Djibouti,Beverages,241575.0
Djibouti,Fruits,157310.0
Djibouti,Office Supplies,228179.0
Djibouti,Personal Care,209543.0
Djibouti,Cosmetics,215240.0
Dominica,Beverages,217693.0
Dominica,Cosmetics,222122.0
Dominica,Household,216911.0
Dominica,Cereal,156861.0
Dominica,Fruits,228861.0
Dominica,Snacks,224054.0
Dominica,Personal Care,270791.0
Dominica,Meat,222963.0
Dominica,Baby Food,199731.0
Dominica,Vegetables,213780.0
Dominica,Office Supplies,226023.0
Dominica,Clothes,267093.0
Dominican Republic,Meat,287612.0
Dominican Republic,Cereal,179161.0
Dominican Republic,Personal Care,176164.0
Dominican Republic,Cosmetics,311727.0
Dominican Republic,Fruits,180800.0
Dominican Republic,Vegetables,204612.0
Dominican Republic,Household,185675.0
Dominican Republic,Snacks,234480.0
Dominican Republic,Clothes,212303.0
Dominican Republic,Office Supplies,232310.0
Dominican Republic,Beverages,224638.0
Dominican Republic,Baby Food,187230.0
East Timor,Cosmetics,208191.0
East Timor,Clothes,303516.0
East Timor,Office Supplies,227081.0
East Timor,Personal Care,315614.0
East Timor,Meat,241922.0
East Timor,Beverages,283482.0
East Timor,Fruits,153869.0
East Timor,Cereal,160890.0
East Timor,Baby Food,225425.0
East Timor,Household,211755.0
East Timor,Vegetables,259588.0
East Timor,Snacks,250446.0
Egypt,Beverages,208184.0
Egypt,Cosmetics,213211.0
Egypt,Cereal,163598.0
Egypt,Household,257077.0
Egypt,Vegetables,288980.0
Egypt,Personal Care,277961.0
Egypt,Fruits,181024.0
Egypt,Baby Food,248483.0
Egypt,Snacks,249517.0
Egypt,Clothes,306569.0
Egypt,Office Supplies,200255.0
Egypt,Meat,235745.0
El Salvador,Snacks,264759.0
El Salvador,Clothes,242815.0
El Salvador,Vegetables,199280.0
El Salvador,Cereal,290700.0
El Salvador,Beverages,215278.0
El Salvador,Fruits,231089.0
El Salvador,Personal Care,191796.0
El Salvador,Cosmetics,207531.0
El Salvador,Office Supplies,244859.0
El Salvador,Meat,206775.0
El Salvador,Household,284689.0
El Salvador,Baby Food,270797.0
Equatorial Guinea,Beverages,203857.0
Equatorial Guinea,Vegetables,215658.0
Equatorial Guinea,Household,194906.0
Equatorial Guinea,Office Supplies,225652.0
Equatorial Guinea,Cosmetics,279680.0
Equatorial Guinea,Personal Care,199606.0
Equatorial Guinea,Meat,198859.0
Equatorial Guinea,Cereal,253185.0
Equatorial Guinea,Clothes,258024.0
Equatorial Guinea,Fruits,221482.0
Equatorial Guinea,Snacks,177586.0
Equatorial Guinea,Baby Food,280813.0
Eritrea,Vegetables,205455.0
Eritrea,Fruits,205446.0
Eritrea,Snacks,212503.0
Eritrea,Beverages,236424.0
Eritrea,Clothes,155805.0
Eritrea,Office Supplies,174502.0
Eritrea,Cereal,288251.0
Eritrea,Cosmetics,246108.0
Eritrea,Personal Care,216717.0
Eritrea,Household,236795.0
Eritrea,Meat,201823.0
Eritrea,Baby Food,172668.0
Estonia,Cosmetics,230776.0
Estonia,Snacks,218226.0
Estonia,Office Supplies,299003.0
Estonia,Beverages,217700.0
Estonia,Cereal,212195.0
Estonia,Fruits,130530.0
Estonia,Vegetables,279421.0
Estonia,Household,178750.0
Estonia,Personal Care,193497.0
Estonia,Baby Food,231319.0
Estonia,Clothes,298413.0
Estonia,Meat,231751.0
Ethiopia,Clothes,216948.0
Ethiopia,Household,238218.0
Ethiopia,Beverages,218290.0
Ethiopia,Snacks,254225.0
Ethiopia,Cosmetics,245610.0
Ethiopia,Personal Care,200171.0
Ethiopia,Office Supplies,262954.0
Ethiopia,Baby Food,200059.0
Ethiopia,Cereal,208251.0
Ethiopia,Fruits,255609.0
Ethiopia,Meat,272239.0
Ethiopia,Vegetables,231897.0
Federated States of Micronesia,Meat,286560.0
Federated States of Micronesia,Personal Care,224552.0
Federated States of Micronesia,Clothes,226840.0
Federated States of Micronesia,Office Supplies,278646.0
Federated States of Micronesia,Cosmetics,267777.0
Federated States of Micronesia,Baby Food,200503.0
Federated States of Micronesia,Beverages,254682.0
Federated States of Micronesia,Vegetables,321029.0
Federated States of Micronesia,Household,257061.0
Federated States of Micronesia,Cereal,267591.0
Federated States of Micronesia,Snacks,187975.0
Federated States of Micronesia,Fruits,199807.0
Fiji,Meat,203536.0
Fiji,Clothes,230966.0
Fiji,Cereal,197624.0
Fiji,Beverages,235001.0
Fiji,Household,177942.0
Fiji,Cosmetics,266443.0
Fiji,Baby Food,195595.0
Fiji,Fruits,233201.0
Fiji,Snacks,183302.0
Fiji,Office Supplies,206258.0
Fiji,Vegetables,250501.0
Fiji,Personal Care,233004.0
Finland,Baby Food,275254.0
Finland,Vegetables,269381.0
Finland,Fruits,200931.0
Finland,Office Supplies,249824.0
Finland,Cosmetics,129968.0
Finland,Cereal,263800.0
Finland,Beverages,329294.0
Finland,Clothes,223637.0
Finland,Snacks,236091.0
Finland,Meat,208734.0
Finland,Personal Care,220374.0
Finland,Household,168764.0
France,Fruits,271493.0
France,Snacks,285302.0
France,Vegetables,227625.0
France,Baby Food,139523.0
France,Cereal,216158.0
France,Beverages,206605.0
France,Office Supplies,173583.0
France,Meat,216366.0
France,Cosmetics,234050.0
France,Clothes,207433.0
France,Personal Care,167861.0
France,Household,268173.0
Gabon,Cosmetics,207303.0
Gabon,Vegetables,238526.0
Gabon,Baby Food,237064.0
Gabon,Household,245901.0
Gabon,Meat,242461.0
Gabon,Cereal,197320.0
Gabon,Fruits,179063.0
Gabon,Office Supplies,241097.0
Gabon,Personal Care,277654.0
Gabon,Beverages,260257.0
Gabon,Snacks,195219.0
Gabon,Clothes,169966.0
Georgia,Household,187780.0
Georgia,Cosmetics,224640.0
Georgia,Fruits,191366.0
Georgia,Office Supplies,188643.0
Georgia,Snacks,217213.0
Georgia,Clothes,197670.0
Georgia,Vegetables,169809.0
Georgia,Meat,247656.0
Georgia,Baby Food,176388.0
Georgia,Personal Care,307435.0
Georgia,Cereal,221064.0
Georgia,Beverages,207101.0
Germany,Fruits,243534.0
Germany,Baby Food,161061.0
Germany,Office Supplies,176000.0
Germany,Cosmetics,193711.0
Germany,Cereal,183653.0
Germany,Meat,215679.0
Germany,Vegetables,247243.0
Germany,Personal Care,225449.0
Germany,Clothes,143436.0
Germany,Snacks,252853.0
Germany,Beverages,229578.0
Germany,Household,230273.0
Ghana,Vegetables,199169.0
Ghana,Personal Care,213650.0
Ghana,Clothes,297312.0
Ghana,Office Supplies,222261.0
Ghana,Beverages,214406.0
Ghana,Cosmetics,256701.0
Ghana,Baby Food,125341.0
Ghana,Fruits,223755.0
Ghana,Cereal,229535.0
Ghana,Snacks,145458.0
Ghana,Household,262626.0
Ghana,Meat,126402.0
Greece,Snacks,199713.0
Greece,Baby Food,185302.0
Greece,Cereal,207349.0
Greece,Personal Care,220194.0
Greece,Clothes,234410.0
Greece,Household,219390.0
Greece,Office Supplies,213184.0
Greece,Cosmetics,231299.0
Greece,Vegetables,224473.0
Greece,Fruits,221619.0
Greece,Meat,248868.0
Greece,Beverages,218997.0
Greenland,Cosmetics,288553.0
Greenland,Clothes,257684.0
Greenland,Baby Food,195932.0
Greenland,Meat,210492.0
Greenland,Cereal,200579.0
Greenland,Snacks,263576.0
Greenland,Beverages,241964.0
Greenland,Office Supplies,234923.0
Greenland,Household,269628.0
Greenland,Vegetables,229660.0
Greenland,Fruits,162067.0
Greenland,Personal Care,314560.0
Grenada,Personal Care,258970.0
Grenada,Snacks,175326.0
Grenada,Cosmetics,190011.0
Grenada,Vegetables,232589.0
Grenada,Household,204190.0
Grenada,Fruits,258283.0
Grenada,Clothes,198886.0
Grenada,Meat,302438.0
Grenada,Beverages,247457.0
Grenada,Office Supplies,208427.0
Grenada,Baby Food,268475.0
Grenada,Cereal,245280.0
Guatemala,Cereal,192491.0
Guatemala,Personal Care,241232.0
Guatemala,Household,196651.0
Guatemala,Cosmetics,287701.0
Guatemala,Beverages,249976.0
Guatemala,Vegetables,195833.0
Guatemala,Meat,235834.0
Guatemala,Office Supplies,185857.0
Guatemala,Snacks,203124.0
Guatemala,Baby Food,240025.0
Guatemala,Clothes,311746.0
Guatemala,Fruits,215609.0
Guinea,Cereal,224451.0
Guinea,Vegetables,246346.0
Guinea,Fruits,246640.0
Guinea,Clothes,212118.0
Guinea,Household,233914.0
Guinea,Office Supplies,197035.0
Guinea,Meat,215954.0
Guinea,Personal Care,279535.0
Guinea,Baby Food,253244.0
Guinea,Cosmetics,237900.0
Guinea,Snacks,196107.0
Guinea,Beverages,233888.0
Guinea-Bissau,Beverages,207146.0
Guinea-Bissau,Household,205160.0
Guinea-Bissau,Cosmetics,249515.0
Guinea-Bissau,Office Supplies,277325.0
Guinea-Bissau,Baby Food,220177.0
Guinea-Bissau,Cereal,196454.0
Guinea-Bissau,Fruits,269952.0
Guinea-Bissau,Meat,249471.0
Guinea-Bissau,Snacks,282616.0
Guinea-Bissau,Clothes,191548.0
Guinea-Bissau,Vegetables,235653.0
Guinea-Bissau,Personal Care,242067.0
Haiti,Household,246272.0
Haiti,Vegetables,240302.0
Haiti,Cereal,184507.0
Haiti,Office Supplies,294463.0
Haiti,Clothes,254838.0
Haiti,Meat,222834.0
Haiti,Baby Food,254435.0
Haiti,Beverages,211714.0
Haiti,Fruits,268510.0
Haiti,Cosmetics,209550.0
Haiti,Snacks,269199.0
Haiti,Personal Care,195696.0
Honduras,Meat,206144.0
Honduras,Household,206271.0
Honduras,Beverages,251296.0
Honduras,Personal Care,188815.0
Honduras,Cereal,239102.0
Honduras,Vegetables,226614.0
Honduras,Fruits,205512.0
Honduras,Clothes,215056.0
Honduras,Snacks,205115.0
Honduras,Office Supplies,153941.0
Honduras,Cosmetics,238751.0
Honduras,Baby Food,285251.0
Hungary,Beverages,157839.0
Hungary,Clothes,243319.0
Hungary,Cosmetics,277868.0
Hungary,Personal Care,159547.0
Hungary,Household,296185.0
Hungary,Office Supplies,289081.0
Hungary,Meat,245938.0
Hungary,Fruits,239180.0
Hungary,Baby Food,218430.0
Hungary,Snacks,314714.0
Hungary,Cereal,192167.0
Hungary,Vegetables,216461.0
Iceland,Personal Care,247263.0
Iceland,Snacks,185080.0
Iceland,Fruits,184480.0
Iceland,Office Supplies,158983.0
Iceland,Household,202639.0
Iceland,Cereal,227918.0
Iceland,Cosmetics,237750.0
Iceland,Clothes,232229.0
Iceland,Beverages,250501.0
Iceland,Meat,193812.0
Iceland,Vegetables,188955.0
Iceland,Baby Food,217210.0
India,Fruits,266696.0
India,Baby Food,323960.0
India,Clothes,232329.0
India,Cereal,222550.0
India,Cosmetics,307240.0
India,Office Supplies,239026.0
India,Beverages,212500.0
India,Meat,210362.0
India,Snacks,206390.0
India,Personal Care,231441.0
India,Vegetables,208132.0
India,Household,181900.0
Indonesia,Beverages,184297.0
Indonesia,Vegetables,275528.0
Indonesia,Snacks,220637.0
Indonesia,Cereal,291828.0
Indonesia,Meat,237210.0
Indonesia,Baby Food,235647.0
Indonesia,Personal Care,213613.0
Indonesia,Office Supplies,203574.0
Indonesia,Household,262117.0
Indonesia,Fruits,199959.0
Indonesia,Cosmetics,193342.0
Indonesia,Clothes,257811.0
Iran,Office Supplies,209463.0
Iran,Snacks,276712.0
Iran,Personal Care,210141.0
Iran,Baby Food,274433.0
Iran,Vegetables,165671.0
Iran,Beverages,253338.0
Iran,Meat,188236.0
Iran,Clothes,252488.0
Iran,Cosmetics,231894.0
Iran,Household,218144.0
Iran,Fruits,160093.0
Iran,Cereal,183417.0
Iraq,Beverages,231317.0
Iraq,Cosmetics,275618.0
Iraq,Personal Care,254135.0
Iraq,Snacks,207601.0
Iraq,Fruits,199492.0
Iraq,Vegetables,237889.0
Iraq,Cereal,206027.0
Iraq,Baby Food,247153.0
Iraq,Office Supplies,224107.0
Iraq,Meat,262011.0
Iraq,Clothes,222710.0
Iraq,Household,197431.0
Ireland,Beverages,240146.0
Ireland,Office Supplies,224713.0
Ireland,Cereal,234674.0
Ireland,Vegetables,254053.0
Ireland,Fruits,210509.0
Ireland,Cosmetics,194795.0
Ireland,Meat,246615.0
Ireland,Snacks,203870.0
Ireland,Baby Food,222708.0
Ireland,Personal Care,259221.0
Ireland,Clothes,247668.0
Ireland,Household,172795.0
Israel,Cosmetics,149391.0
Israel,Clothes,219870.0
Israel,Baby Food,191798.0
Israel,Meat,256931.0
Israel,Office Supplies,262345.0
Israel,Snacks,282765.0
Israel,Cereal,254675.0
Israel,Fruits,237829.0
Israel,Household,268743.0
Israel,Beverages,250879.0
Israel,Personal Care,227922.0
Israel,Vegetables,210731.0
Italy,Cereal,191852.0
Italy,Vegetables,255841.0
Italy,Cosmetics,222669.0
Italy,Beverages,203056.0
Italy,Baby Food,213975.0
Italy,Snacks,159260.0
Italy,Household,219152.0
Italy,Personal Care,231506.0
Italy,Meat,194192.0
Italy,Clothes,190201.0
Italy,Fruits,211206.0
Italy,Office Supplies,202573.0
Jamaica,Baby Food,236348.0
Jamaica,Office Supplies,178781.0
Jamaica,Cosmetics,209023.0
Jamaica,Clothes,294550.0
Jamaica,Fruits,218759.0
Jamaica,Beverages,195944.0
Jamaica,Meat,148230.0
Jamaica,Snacks,213628.0
Jamaica,Household,174779.0
Jamaica,Vegetables,192594.0
Jamaica,Personal Care,166883.0
Jamaica,Cereal,216470.0
Japan,Snacks,261939.0
Japan,Vegetables,328324.0
Japan,Fruits,238694.0
Japan,Beverages,165775.0
Japan,Cosmetics,174405.0
Japan,Baby Food,203444.0
Japan,Office Supplies,216505.0
Japan,Clothes,238254.0
Japan,Household,227181.0
Japan,Personal Care,247886.0
Japan,Meat,254408.0
Japan,Cereal,286541.0
Jordan,Cosmetics,284418.0
Jordan,Baby Food,206618.0
Jordan,Household,227622.0
Jordan,Personal Care,250022.0
Jordan,Meat,175938.0
Jordan,Office Supplies,235662.0
Jordan,Clothes,246662.0
Jordan,Vegetables,215817.0
Jordan,Cereal,246814.0
Jordan,Fruits,268652.0
Jordan,Beverages,259057.0
Jordan,Snacks,213257.0
Kazakhstan,Cosmetics,193676.0
Kazakhstan,Household,185180.0
Kazakhstan,Clothes,184165.0
Kazakhstan,Cereal,196824.0
Kazakhstan,Beverages,202051.0
Kazakhstan,Vegetables,213988.0
Kazakhstan,Office Supplies,183198.0
Kazakhstan,Snacks,217003.0
Kazakhstan,Fruits,224534.0
Kazakhstan,Meat,270549.0
Kazakhstan,Baby Food,188434.0
Kazakhstan,Personal Care,250201.0
Kenya,Meat,200086.0
Kenya,Vegetables,231233.0
Kenya,Clothes,204846.0
Kenya,Snacks,246060.0
Kenya,Fruits,219397.0
Kenya,Cereal,212802.0
Kenya,Office Supplies,259106.0
Kenya,Baby Food,196971.0
Kenya,Beverages,211420.0
Kenya,Household,215132.0
Kenya,Personal Care,223371.0
Kenya,Cosmetics,234050.0
Kiribati,Fruits,202132.0
Kiribati,Vegetables,202464.0
Kiribati,Household,205887.0
Kiribati,Meat,216297.0
Kiribati,Personal Care,276902.0
Kiribati,Beverages,266232.0
Kiribati,Baby Food,228842.0
Kiribati,Cereal,180016.0
Kiribati,Clothes,176651.0
Kiribati,Cosmetics,148806.0
Kiribati,Snacks,214399.0
Kiribati,Office Supplies,237146.0
Kosovo,Beverages,220477.0
Kosovo,Cereal,192604.0
Kosovo,Office Supplies,243834.0
Kosovo,Meat,276407.0
Kosovo,Fruits,210445.0
Kosovo,Personal Care,241377.0
Kosovo,Baby Food,219658.0
Kosovo,Vegetables,200346.0
Kosovo,Cosmetics,203817.0
Kosovo,Clothes,176193.0
Kosovo,Snacks,235558.0
Kosovo,Household,200784.0
Kuwait,Cereal,191140.0
Kuwait,Office Supplies,282245.0
Kuwait,Fruits,218055.0
Kuwait,Baby Food,224639.0
Kuwait,Meat,255786.0
Kuwait,Snacks,167920.0
Kuwait,Personal Care,211312.0
Kuwait,Household,243054.0
Kuwait,Cosmetics,171914.0
Kuwait,Beverages,191884.0
Kuwait,Clothes,258593.0
Kuwait,Vegetables,253467.0
Kyrgyzstan,Meat,190552.0
Kyrgyzstan,Cosmetics,177831.0
Kyrgyzstan,Snacks,247877.0
Kyrgyzstan,Vegetables,172406.0
Kyrgyzstan,Clothes,159610.0
Kyrgyzstan,Household,204371.0
Kyrgyzstan,Baby Food,235365.0
Kyrgyzstan,Personal Care,215389.0
Kyrgyzstan,Fruits,247242.0
Kyrgyzstan,Office Supplies,276919.0
Kyrgyzstan,Cereal,160453.0
Kyrgyzstan,Beverages,288435.0
Laos,Fruits,231557.0
Laos,Personal Care,201558.0
Laos,Snacks,251476.0
Laos,Household,213948.0
Laos,Meat,190698.0
Laos,Cereal,235152.0
Laos,Office Supplies,315496.0
Laos,Cosmetics,195208.0
Laos,Beverages,197952.0
Laos,Vegetables,279846.0
Laos,Baby Food,281126.0
Laos,Clothes,191619.0
Latvia,Office Supplies,185260.0
Latvia,Fruits,209729.0
Latvia,Cosmetics,215544.0
Latvia,Meat,273408.0
Latvia,Personal Care,243277.0
Latvia,Beverages,237112.0
Latvia,Snacks,221662.0
Latvia,Clothes,249936.0
Latvia,Household,190587.0
Latvia,Vegetables,185435.0
Latvia,Cereal,325753.0
Latvia,Baby Food,233249.0
Lebanon,Fruits,176393.0
Lebanon,Cereal,200051.0
Lebanon,Personal Care,206510.0
Lebanon,Snacks,155605.0
Lebanon,Meat,200872.0
Lebanon,Beverages,149844.0
Lebanon,Vegetables,221057.0
Lebanon,Cosmetics,208863.0
Lebanon,Household,208415.0
Lebanon,Baby Food,310944.0
Lebanon,Clothes,245388.0
Lebanon,Office Supplies,192684.0
Lesotho,Clothes,176733.0
Lesotho,Vegetables,211612.0
Lesotho,Fruits,217919.0
Lesotho,Meat,168765.0
Lesotho,Snacks,203791.0
Lesotho,Cereal,194922.0
Lesotho,Household,238957.0
Lesotho,Baby Food,175655.0
Lesotho,Office Supplies,324611.0
Lesotho,Personal Care,244656.0
Lesotho,Beverages,185694.0
Lesotho,Cosmetics,268972.0
Liberia,Fruits,185109.0
Liberia,Beverages,261358.0
Liberia,Personal Care,191153.0
Liberia,Clothes,273043.0
Liberia,Cosmetics,197910.0
Liberia,Baby Food,279711.0
Liberia,Household,352514.0
Liberia,Cereal,263404.0
Liberia,Meat,241631.0
Liberia,Snacks,240553.0
Liberia,Office Supplies,215857.0
Liberia,Vegetables,196652.0
Libya,Cereal,215513.0
Libya,Beverages,244080.0
Libya,Clothes,251461.0
Libya,Vegetables,263725.0
Libya,Baby Food,191163.0
Libya,Snacks,161656.0
Libya,Cosmetics,222479.0
Libya,Office Supplies,213354.0
Libya,Household,266018.0
Libya,Fruits,184835.0
Libya,Meat,259157.0
Libya,Personal Care,245427.0
Liechtenstein,Cosmetics,175267.0
Liechtenstein,Clothes,258558.0
Liechtenstein,Meat,251631.0
Liechtenstein,Cereal,215281.0
Liechtenstein,Personal Care,186183.0
Liechtenstein,Fruits,266327.0
Liechtenstein,Office Supplies,203402.0
Liechtenstein,Beverages,168023.0
Liechtenstein,Snacks,242470.0
Liechtenstein,Vegetables,180236.0
Liechtenstein,Household,192656.0
Liechtenstein,Baby Food,261015.0
Lithuania,Snacks,245768.0
Lithuania,Clothes,221730.0
Lithuania,Office Supplies,307790.0
Lithuania,Meat,227704.0
Lithuania,Personal Care,169855.0
Lithuania,Cosmetics,233536.0
Lithuania,Vegetables,171353.0
Lithuania,Cereal,234870.0
Lithuania,Fruits,258526.0
Lithuania,Beverages,258030.0
Lithuania,Baby Food,250400.0
Lithuania,Household,218375.0
Luxembourg,Snacks,173929.0
Luxembourg,Office Supplies,202654.0
Luxembourg,Cereal,272633.0
Luxembourg,Baby Food,209999.0
Luxembourg,Cosmetics,213021.0
Luxembourg,Vegetables,230433.0
Luxembourg,Beverages,172125.0
Luxembourg,Household,279283.0
Luxembourg,Fruits,285421.0
Luxembourg,Meat,236504.0
Luxembourg,Personal Care,202046.0
Luxembourg,Clothes,253283.0
Macedonia,Snacks,282115.0
Macedonia,Meat,239309.0
Macedonia,Cosmetics,294152.0
Macedonia,Baby Food,306908.0
Macedonia,Fruits,227460.0
Macedonia,Vegetables,293264.0
Macedonia,Clothes,237661.0
Macedonia,Beverages,151293.0
Macedonia,Personal Care,239094.0
Macedonia,Cereal,274401.0
Macedonia,Household,163743.0
Macedonia,Office Supplies,191260.0
Madagascar,Fruits,176690.0
Madagascar,Baby Food,237353.0
Madagascar,Household,231949.0
Madagascar,Vegetables,223535.0
Madagascar,Office Supplies,240209.0
Madagascar,Personal Care,304607.0
Madagascar,Cosmetics,242090.0
Madagascar,Beverages,220035.0
Madagascar,Clothes,217573.0
Madagascar,Snacks,227553.0
Madagascar,Meat,184811.0
Madagascar,Cereal,273316.0
Malawi,Office Supplies,246438.0
Malawi,Vegetables,251283.0
Malawi,Beverages,233167.0
Malawi,Personal Care,218971.0
Malawi,Household,209301.0
Malawi,Clothes,237391.0
Malawi,Cereal,194338.0
Malawi,Meat,176251.0
Malawi,Baby Food,220029.0
Malawi,Snacks,200296.0
Malawi,Cosmetics,260013.0
Malawi,Fruits,198497.0
Malaysia,Cereal,221097.0
Malaysia,Clothes,238052.0
Malaysia,Office Supplies,226106.0
Malaysia,Household,211069.0
Malaysia,Personal Care,172313.0
Malaysia,Fruits,218837.0
Malaysia,Vegetables,252893.0
Malaysia,Snacks,283097.0
Malaysia,Baby Food,199144.0
Malaysia,Beverages,167761.0
Malaysia,Meat,195618.0
Malaysia,Cosmetics,201280.0
Maldives,Cosmetics,222885.0
Maldives,Clothes,168074.0
Maldives,Fruits,208824.0
Maldives,Cereal,279516.0
Maldives,Household,261958.0
Maldives,Personal Care,206189.0
Maldives,Office Supplies,268848.0
Maldives,Meat,286654.0
Maldives,Vegetables,234776.0
Maldives,Snacks,202626.0
Maldives,Baby Food,193254.0
Maldives,Beverages,183961.0
Mali,Baby Food,181286.0
Mali,Cosmetics,192784.0
Mali,Vegetables,234045.0
Mali,Office Supplies,195391.0
Mali,Household,241358.0
Mali,Personal Care,261139.0
Mali,Snacks,258796.0
Mali,Meat,214228.0
Mali,Cereal,209251.0
Mali,Beverages,246087.0
Mali,Clothes,213071.0
Mali,Fruits,200118.0
Malta,Household,262818.0
Malta,Snacks,239424.0
Malta,Cosmetics,240205.0
Malta,Meat,248227.0
Malta,Clothes,231913.0
Malta,Office Supplies,294265.0
Malta,Cereal,202745.0
Malta,Personal Care,270173.0
Malta,Baby Food,274150.0
Malta,Fruits,251753.0
Malta,Beverages,281394.0
Malta,Vegetables,181331.0
Marshall Islands,Snacks,308109.0
Marshall Islands,Baby Food,264024.0
Marshall Islands,Cosmetics,228447.0
Marshall Islands,Beverages,164189.0
Marshall Islands,Office Supplies,260176.0
Marshall Islands,Personal Care,216506.0
Marshall Islands,Meat,207309.0
Marshall Islands,Fruits,178012.0
Marshall Islands,Clothes,238802.0
Marshall Islands,Household,312342.0
Marshall Islands,Vegetables,228101.0
Marshall Islands,Cereal,203981.0
Mauritania,Vegetables,220278.0
Mauritania,Household,225616.0
Mauritania,Snacks,221661.0
Mauritania,Meat,216208.0
Mauritania,Clothes,252031.0
Mauritania,Beverages,241848.0
Mauritania,Office Supplies,213511.0
Mauritania,Baby Food,243979.0
Mauritania,Fruits,240833.0
Mauritania,Cosmetics,206294.0
Mauritania,Cereal,192815.0
Mauritania,Personal Care,217008.0
Mauritius ,Snacks,208122.0
Mauritius ,Meat,254866.0
Mauritius ,Personal Care,197954.0
Mauritius ,Baby Food,226795.0
Mauritius ,Cosmetics,194961.0
Mauritius ,Cereal,195390.0
Mauritius ,Vegetables,245089.0
Mauritius ,Household,278256.0
Mauritius ,Clothes,201781.0
Mauritius ,Fruits,229554.0
Mauritius ,Office Supplies,194851.0
Mauritius ,Beverages,278871.0
Mexico,Household,268152.0
Mexico,Fruits,165047.0
Mexico,Snacks,187050.0
Mexico,Baby Food,221359.0
Mexico,Meat,252347.0
Mexico,Cereal,227531.0
Mexico,Office Supplies,234425.0
Mexico,Cosmetics,270189.0
Mexico,Vegetables,220301.0
Mexico,Beverages,222683.0
Mexico,Personal Care,136998.0
Mexico,Clothes,204443.0
Moldova ,Cereal,230610.0
Moldova ,Beverages,280349.0
Moldova ,Meat,184117.0
Moldova ,Household,183312.0
Moldova ,Baby Food,219040.0
Moldova ,Snacks,202533.0
Moldova ,Cosmetics,177328.0
Moldova ,Personal Care,179496.0
Moldova ,Fruits,185894.0
Moldova ,Office Supplies,209787.0
Moldova ,Clothes,268143.0
Moldova ,Vegetables,286741.0
Monaco,Office Supplies,205529.0
Monaco,Meat,225060.0
Monaco,Cosmetics,229317.0
Monaco,Household,189498.0
Monaco,Snacks,177760.0
Monaco,Vegetables,211231.0
Monaco,Clothes,164612.0
Monaco,Cereal,240680.0
Monaco,Beverages,223410.0
Monaco,Baby Food,249374.0
Monaco,Personal Care,224019.0
Monaco,Fruits,219791.0
Mongolia,Personal Care,177000.0
Mongolia,Baby Food,242482.0
Mongolia,Cosmetics,243582.0
Mongolia,Fruits,235371.0
Mongolia,Clothes,178117.0
Mongolia,Office Supplies,229217.0
Mongolia,Beverages,223931.0
Mongolia,Snacks,200945.0
Mongolia,Vegetables,230525.0
Mongolia,Cereal,278555.0
Mongolia,Meat,165776.0
Mongolia,Household,205885.0
Montenegro,Baby Food,244366.0
Montenegro,Fruits,223361.0
Montenegro,Office Supplies,296936.0
Montenegro,Beverages,308970.0
Montenegro,Vegetables,177392.0
Montenegro,Cosmetics,225066.0
Montenegro,Personal Care,234828.0
Montenegro,Snacks,183055.0
Montenegro,Cereal,272907.0
Montenegro,Household,229860.0
Montenegro,Clothes,201615.0
Montenegro,Meat,225630.0
Morocco,Office Supplies,251091.0
Morocco,Vegetables,215669.0
Morocco,Household,216703.0
Morocco,Clothes,260551.0
Morocco,Cereal,185448.0
Morocco,Snacks,250854.0
Morocco,Baby Food,226922.0
Morocco,Beverages,248201.0
Morocco,Fruits,263241.0
Morocco,Cosmetics,214002.0
Morocco,Meat,193026.0
Morocco,Personal Care,213369.0
Mozambique,Beverages,241843.0
Mozambique,Meat,289440.0
Mozambique,Office Supplies,192602.0
Mozambique,Baby Food,266075.0
Mozambique,Clothes,212691.0
Mozambique,Cosmetics,279871.0
Mozambique,Household,256190.0
Mozambique,Snacks,302763.0
Mozambique,Vegetables,215440.0
Mozambique,Fruits,230929.0
Mozambique,Cereal,229276.0
Mozambique,Personal Care,200569.0
Myanmar,Cereal,182463.0
Myanmar,Baby Food,189528.0
Myanmar,Fruits,242561.0
Myanmar,Clothes,265046.0
Myanmar,Beverages,248754.0
Myanmar,Vegetables,213353.0
Myanmar,Personal Care,270415.0
Myanmar,Meat,269266.0
Myanmar,Household,234454.0
Myanmar,Snacks,224536.0
Myanmar,Cosmetics,186185.0
Myanmar,Office Supplies,237321.0
Namibia,Beverages,227803.0
Namibia,Cosmetics,227014.0
Namibia,Fruits,204245.0
Namibia,Cereal,237279.0
Namibia,Office Supplies,228877.0
Namibia,Baby Food,242569.0
Namibia,Meat,257423.0
Namibia,Clothes,231475.0
Namibia,Snacks,260722.0
Namibia,Household,285156.0
Namibia,Personal Care,266437.0
Namibia,Vegetables,178562.0
Nauru,Clothes,221897.0
Nauru,Snacks,226659.0
Nauru,Cereal,236408.0
Nauru,Fruits,222530.0
Nauru,Vegetables,278446.0
Nauru,Office Supplies,231628.0
Nauru,Cosmetics,165395.0
Nauru,Meat,207925.0
Nauru,Beverages,227130.0
Nauru,Baby Food,190486.0
Nauru,Household,196999.0
Nauru,Personal Care,299642.0
Nepal,Office Supplies,250133.0
Nepal,Beverages,214248.0
Nepal,Snacks,268464.0
Nepal,Cosmetics,161100.0
Nepal,Household,187319.0
Nepal,Personal Care,202311.0
Nepal,Meat,248225.0
Nepal,Fruits,242049.0
Nepal,Cereal,288534.0
Nepal,Baby Food,196055.0
Nepal,Vegetables,202606.0
Nepal,Clothes,292459.0
Netherlands,Baby Food,220358.0
Netherlands,Vegetables,165501.0
Netherlands,Clothes,214302.0
Netherlands,Household,227708.0
Netherlands,Fruits,164300.0
Netherlands,Snacks,188998.0
Netherlands,Beverages,217157.0
Netherlands,Personal Care,305589.0
Netherlands,Office Supplies,194322.0
Netherlands,Meat,201597.0
Netherlands,Cereal,223310.0
Netherlands,Cosmetics,191676.0
New Zealand,Baby Food,286709.0
New Zealand,Personal Care,243078.0
New Zealand,Vegetables,278138.0
New Zealand,Office Supplies,252995.0
New Zealand,Beverages,189193.0
New Zealand,Clothes,245273.0
New Zealand,Cosmetics,238697.0
New Zealand,Household,225030.0
New Zealand,Snacks,277294.0
New Zealand,Fruits,264325.0
New Zealand,Cereal,291474.0
New Zealand,Meat,232254.0
Nicaragua,Baby Food,217204.0
Nicaragua,Fruits,166432.0
Nicaragua,Meat,197160.0
Nicaragua,Cereal,173400.0
Nicaragua,Vegetables,183382.0
Nicaragua,Clothes,272346.0
Nicaragua,Office Supplies,204962.0
Nicaragua,Cosmetics,199488.0
Nicaragua,Personal Care,197122.0
Nicaragua,Beverages,222269.0
Nicaragua,Snacks,202152.0
Nicaragua,Household,244999.0
Niger,Meat,194668.0
Niger,Cosmetics,221241.0
Niger,Clothes,212977.0
Niger,Fruits,196378.0
Niger,Personal Care,243752.0
Niger,Beverages,218563.0
Niger,Cereal,185335.0
Niger,Baby Food,305857.0
Niger,Household,180659.0
Niger,Vegetables,262822.0
Niger,Snacks,227623.0
Niger,Office Supplies,248976.0
Nigeria,Baby Food,223623.0
Nigeria,Clothes,178123.0
Nigeria,Vegetables,187636.0
Nigeria,Beverages,197177.0
Nigeria,Snacks,205959.0
Nigeria,Office Supplies,195624.0
Nigeria,Cosmetics,174089.0
Nigeria,Personal Care,179729.0
Nigeria,Cereal,202728.0
Nigeria,Household,242491.0
Nigeria,Fruits,198264.0
Nigeria,Meat,189169.0
North Korea,Baby Food,171573.0
North Korea,Vegetables,244531.0
North Korea,Cosmetics,231627.0
North Korea,Household,204087.0
North Korea,Beverages,240165.0
North Korea,Personal Care,200080.0
North Korea,Office Supplies,250265.0
North Korea,Clothes,261007.0
North Korea,Cereal,236805.0
North Korea,Snacks,210110.0
North Korea,Meat,190803.0
North Korea,Fruits,275368.0
Norway,Meat,237719.0
Norway,Clothes,249977.0
Norway,Snacks,181880.0
Norway,Beverages,201524.0
Norway,Fruits,290935.0
Norway,Cosmetics,194915.0
Norway,Vegetables,264815.0
Norway,Baby Food,225631.0
Norway,Office Supplies,237459.0
Norway,Personal Care,213780.0
Norway,Cereal,264670.0
Norway,Household,216023.0
Oman,Baby Food,186368.0
Oman,Fruits,218402.0
Oman,Snacks,258332.0
Oman,Cereal,209039.0
Oman,Beverages,173748.0
Oman,Vegetables,228653.0
Oman,Meat,222977.0
Oman,Clothes,239467.0
Oman,Cosmetics,256088.0
Oman,Office Supplies,251951.0
Oman,Personal Care,187981.0
Oman,Household,230432.0
Pakistan,Fruits,250226.0
Pakistan,Household,178380.0
Pakistan,Meat,180155.0
Pakistan,Office Supplies,251501.0
Pakistan,Personal Care,275018.0
Pakistan,Cosmetics,216620.0
Pakistan,Vegetables,220657.0
Pakistan,Beverages,195128.0
Pakistan,Cereal,220802.0
Pakistan,Clothes,248944.0
Pakistan,Snacks,324035.0
Pakistan,Baby Food,266753.0
Palau,Clothes,171584.0
Palau,Household,153464.0
Palau,Meat,182091.0
Palau,Cosmetics,210420.0
Palau,Office Supplies,231953.0
Palau,Personal Care,231987.0
Palau,Snacks,221222.0
Palau,Fruits,199316.0
Palau,Baby Food,183171.0
Palau,Cereal,217710.0
Palau,Beverages,280813.0
Palau,Vegetables,188776.0
Panama,Household,243076.0
Panama,Fruits,188059.0
Panama,Personal Care,262719.0
Panama,Cosmetics,270847.0
Panama,Vegetables,223362.0
Panama,Cereal,213985.0
Panama,Snacks,216399.0
Panama,Clothes,201413.0
Panama,Meat,312293.0
Panama,Office Supplies,242094.0
Panama,Baby Food,263656.0
Panama,Beverages,275786.0
Papua New Guinea,Baby Food,253050.0
Papua New Guinea,Office Supplies,178244.0
Papua New Guinea,Cosmetics,223267.0
Papua New Guinea,Beverages,220317.0
Papua New Guinea,Clothes,196674.0
Papua New Guinea,Cereal,252928.0
Papua New Guinea,Snacks,219720.0
Papua New Guinea,Meat,242327.0
Papua New Guinea,Personal Care,234516.0
Papua New Guinea,Vegetables,259639.0
Papua New Guinea,Fruits,275539.0
Papua New Guinea,Household,166576.0
Philippines,Snacks,264045.0
Philippines,Cosmetics,245624.0
Philippines,Vegetables,239973.0
Philippines,Beverages,235728.0
Philippines,Meat,183056.0
Philippines,Cereal,327768.0
Philippines,Household,207999.0
Philippines,Fruits,145054.0
Philippines,Office Supplies,201985.0
Philippines,Personal Care,193963.0
Philippines,Clothes,157302.0
Philippines,Baby Food,207652.0
Poland,Office Supplies,264204.0
Poland,Clothes,190937.0
Poland,Beverages,200709.0
Poland,Cosmetics,212216.0
Poland,Snacks,228639.0
Poland,Cereal,160532.0
Poland,Household,243020.0
Poland,Baby Food,162252.0
Poland,Vegetables,208353.0
Poland,Meat,229809.0
Poland,Personal Care,200504.0
Poland,Fruits,255478.0
Portugal,Vegetables,293468.0
Portugal,Cosmetics,208581.0
Portugal,Baby Food,151001.0
Portugal,Snacks,227865.0
Portugal,Clothes,239882.0
Portugal,Office Supplies,181702.0
Portugal,Household,233632.0
Portugal,Personal Care,258006.0
Portugal,Cereal,263382.0
Portugal,Fruits,281482.0
Portugal,Beverages,253093.0
Portugal,Meat,161777.0
Qatar,Baby Food,172086.0
Qatar,Vegetables,165113.0
Qatar,Office Supplies,224556.0
Qatar,Cosmetics,225422.0
Qatar,Clothes,214774.0
Qatar,Snacks,204358.0
Qatar,Meat,228152.0
Qatar,Personal Care,267196.0
Qatar,Beverages,249851.0
Qatar,Cereal,247692.0
Qatar,Household,248956.0
Qatar,Fruits,195157.0
Republic of the Congo,Cereal,244020.0
Republic of the Congo,Cosmetics,230291.0
Republic of the Congo,Snacks,193656.0
Republic of the Congo,Beverages,167172.0
Republic of the Congo,Meat,185568.0
Republic of the Congo,Clothes,292400.0
Republic of the Congo,Household,285433.0
Republic of the Congo,Fruits,201716.0
Republic of the Congo,Office Supplies,239206.0
Republic of the Congo,Personal Care,186728.0
Republic of the Congo,Baby Food,207533.0
Republic of the Congo,Vegetables,208186.0
Romania,Household,268419.0
Romania,Baby Food,241632.0
Romania,Clothes,210864.0
Romania,Fruits,283616.0
Romania,Vegetables,209417.0
Romania,Personal Care,195835.0
Romania,Cosmetics,205279.0
Romania,Snacks,219402.0
Romania,Cereal,262959.0
Romania,Beverages,164489.0
Romania,Office Supplies,263133.0
Romania,Meat,264710.0
Russia,Baby Food,184966.0
Russia,Meat,224711.0
Russia,Household,211396.0
Russia,Cosmetics,224175.0
Russia,Personal Care,204022.0
Russia,Office Supplies,248209.0
Russia,Cereal,233674.0
Russia,Snacks,250532.0
Russia,Vegetables,271113.0
Russia,Beverages,176504.0
Russia,Fruits,166388.0
Russia,Clothes,183868.0
Rwanda,Vegetables,202422.0
Rwanda,Household,235503.0
Rwanda,Clothes,207124.0
Rwanda,Fruits,206074.0
Rwanda,Snacks,206124.0
Rwanda,Personal Care,247186.0
Rwanda,Cosmetics,269135.0
Rwanda,Office Supplies,286860.0
Rwanda,Baby Food,268086.0
Rwanda,Meat,212004.0
Rwanda,Cereal,192808.0
Rwanda,Beverages,315453.0
Saint Kitts and Nevis ,Baby Food,254554.0
Saint Kitts and Nevis ,Personal Care,222252.0
Saint Kitts and Nevis ,Fruits,168382.0
Saint Kitts and Nevis ,Vegetables,236763.0
Saint Kitts and Nevis ,Household,257192.0
Saint Kitts and Nevis ,Meat,225564.0
Saint Kitts and Nevis ,Office Supplies,224440.0
Saint Kitts and Nevis ,Cosmetics,268160.0
Saint Kitts and Nevis ,Beverages,180909.0
Saint Kitts and Nevis ,Snacks,251784.0
Saint Kitts and Nevis ,Clothes,309705.0
Saint Kitts and Nevis ,Cereal,182975.0
Saint Lucia,Household,219525.0
Saint Lucia,Snacks,233739.0
Saint Lucia,Baby Food,169885.0
Saint Lucia,Clothes,180028.0
Saint Lucia,Meat,198171.0
Saint Lucia,Vegetables,208573.0
Saint Lucia,Cosmetics,257015.0
Saint Lucia,Cereal,223259.0
Saint Lucia,Personal Care,203815.0
Saint Lucia,Fruits,201673.0
Saint Lucia,Beverages,191282.0
Saint Lucia,Office Supplies,281083.0
Saint Vincent and the Grenadines,Clothes,204874.0
Saint Vincent and the Grenadines,Vegetables,223270.0
Saint Vincent and the Grenadines,Cereal,289000.0
Saint Vincent and the Grenadines,Office Supplies,267923.0
Saint Vincent and the Grenadines,Baby Food,230621.0
Saint Vincent and the Grenadines,Personal Care,201546.0
Saint Vincent and the Grenadines,Beverages,263823.0
Saint Vincent and the Grenadines,Cosmetics,289087.0
Saint Vincent and the Grenadines,Snacks,249996.0
Saint Vincent and the Grenadines,Fruits,229600.0
Saint Vincent and the Grenadines,Meat,246091.0
Saint Vincent and the Grenadines,Household,214731.0
Samoa ,Cereal,271713.0
Samoa ,Beverages,217164.0
Samoa ,Snacks,228557.0
Samoa ,Office Supplies,228760.0
Samoa ,Vegetables,186504.0
Samoa ,Personal Care,211537.0
Samoa ,Fruits,276492.0
Samoa ,Meat,178325.0
Samoa ,Clothes,265577.0
Samoa ,Baby Food,189831.0
Samoa ,Cosmetics,279046.0
Samoa ,Household,228132.0
San Marino,Beverages,262738.0
San Marino,Fruits,234640.0
San Marino,Snacks,201075.0
San Marino,Household,217236.0
San Marino,Cosmetics,207380.0
San Marino,Personal Care,166590.0
San Marino,Clothes,199428.0
San Marino,Meat,265271.0
San Marino,Vegetables,276709.0
San Marino,Office Supplies,184269.0
San Marino,Cereal,220712.0
San Marino,Baby Food,239041.0
Sao Tome and Principe,Household,215537.0
Sao Tome and Principe,Cereal,251241.0
Sao Tome and Principe,Baby Food,230808.0
Sao Tome and Principe,Clothes,230683.0
Sao Tome and Principe,Vegetables,169774.0
Sao Tome and Principe,Snacks,297866.0
Sao Tome and Principe,Office Supplies,243690.0
Sao Tome and Principe,Beverages,247863.0
Sao Tome and Principe,Fruits,294359.0
Sao Tome and Principe,Meat,183054.0
Sao Tome and Principe,Cosmetics,202126.0
Sao Tome and Principe,Personal Care,298976.0
Saudi Arabia,Clothes,195921.0
Saudi Arabia,Vegetables,199647.0
Saudi Arabia,Snacks,201411.0
Saudi Arabia,Fruits,176063.0
Saudi Arabia,Office Supplies,232988.0
Saudi Arabia,Household,220845.0
Saudi Arabia,Baby Food,283790.0
Saudi Arabia,Cereal,302724.0
Saudi Arabia,Beverages,230599.0
Saudi Arabia,Cosmetics,206767.0
Saudi Arabia,Meat,258970.0
Saudi Arabia,Personal Care,226598.0
Senegal,Cosmetics,205437.0
Senegal,Vegetables,220389.0
Senegal,Office Supplies,278945.0
Senegal,Meat,313820.0
Senegal,Household,179991.0
Senegal,Fruits,136049.0
Senegal,Baby Food,261527.0
Senegal,Clothes,255377.0
Senegal,Personal Care,145237.0
Senegal,Beverages,266341.0
Senegal,Cereal,225086.0
Senegal,Snacks,227811.0
Serbia,Cosmetics,246917.0
Serbia,Fruits,175280.0
Serbia,Office Supplies,194940.0
Serbia,Baby Food,271748.0
Serbia,Vegetables,215068.0
Serbia,Household,233945.0
Serbia,Personal Care,212335.0
Serbia,Clothes,220800.0
Serbia,Beverages,251508.0
Serbia,Snacks,226409.0
Serbia,Meat,223021.0
Serbia,Cereal,270125.0
Seychelles ,Meat,295816.0
Seychelles ,Office Supplies,212182.0
Seychelles ,Fruits,193808.0
Seychelles ,Clothes,147502.0
Seychelles ,Beverages,273847.0
Seychelles ,Personal Care,276946.0
Seychelles ,Baby Food,231024.0
Seychelles ,Cereal,194839.0
Seychelles ,Snacks,259373.0
Seychelles ,Cosmetics,284896.0
Seychelles ,Household,172826.0
Seychelles ,Vegetables,241475.0
Sierra Leone,Vegetables,182402.0
Sierra Leone,Baby Food,216934.0
Sierra Leone,Snacks,311229.0
Sierra Leone,Personal Care,253631.0
Sierra Leone,Cereal,187646.0
Sierra Leone,Office Supplies,215930.0
Sierra Leone,Meat,241854.0
Sierra Leone,Clothes,209700.0
Sierra Leone,Cosmetics,182854.0
Sierra Leone,Beverages,242203.0
Sierra Leone,Fruits,314581.0
Sierra Leone,Household,154653.0
Singapore,Personal Care,238080.0
Singapore,Cosmetics,212630.0
Singapore,Fruits,272741.0
Singapore,Vegetables,268003.0
Singapore,Office Supplies,238897.0
Singapore,Baby Food,214726.0
Singapore,Cereal,203838.0
Singapore,Snacks,234416.0
Singapore,Clothes,225808.0
Singapore,Household,205168.0
Singapore,Beverages,165481.0
Singapore,Meat,213791.0
Slovakia,Cereal,246913.0
Slovakia,Clothes,227097.0
Slovakia,Fruits,239225.0
Slovakia,Meat,205702.0
Slovakia,Personal Care,223033.0
Slovakia,Vegetables,233587.0
Slovakia,Beverages,288272.0
Slovakia,Snacks,236506.0
Slovakia,Household,253175.0
Slovakia,Office Supplies,239781.0
Slovakia,Baby Food,216337.0
Slovakia,Cosmetics,195440.0
Slovenia,Baby Food,209406.0
Slovenia,Personal Care,215504.0
Slovenia,Household,213674.0
Slovenia,Vegetables,231375.0
Slovenia,Office Supplies,253433.0
Slovenia,Cosmetics,185668.0
Slovenia,Clothes,253305.0
Slovenia,Beverages,169684.0
Slovenia,Cereal,221941.0
Slovenia,Meat,217424.0
Slovenia,Snacks,203946.0
Slovenia,Fruits,309427.0
Solomon Islands,Personal Care,279227.0
Solomon Islands,Vegetables,204579.0
Solomon Islands,Snacks,156469.0
Solomon Islands,Fruits,242542.0
Solomon Islands,Office Supplies,180342.0
Solomon Islands,Cereal,202611.0
Solomon Islands,Baby Food,164400.0
Solomon Islands,Cosmetics,181865.0
Solomon Islands,Household,204681.0
Solomon Islands,Beverages,192045.0
Solomon Islands,Meat,254388.0
Solomon Islands,Clothes,233197.0
Somalia,Household,253679.0
Somalia,Clothes,205289.0
Somalia,Meat,291816.0
Somalia,Cosmetics,214817.0
Somalia,Office Supplies,240462.0
Somalia,Baby Food,204286.0
Somalia,Beverages,164516.0
Somalia,Snacks,256473.0
Somalia,Vegetables,229289.0
Somalia,Personal Care,221639.0
Somalia,Fruits,278136.0
Somalia,Cereal,184706.0
South Africa,Cereal,225003.0
South Africa,Beverages,246912.0
South Africa,Cosmetics,272282.0
South Africa,Snacks,271929.0
South Africa,Fruits,279484.0
South Africa,Household,208175.0
South Africa,Personal Care,164573.0
South Africa,Vegetables,205174.0
South Africa,Office Supplies,291721.0
South Africa,Meat,264682.0
South Africa,Clothes,226385.0
South Africa,Baby Food,224403.0
South Korea,Personal Care,240116.0
South Korea,Vegetables,211023.0
South Korea,Cosmetics,233954.0
South Korea,Beverages,243595.0
South Korea,Clothes,267274.0
South Korea,Meat,200288.0
South Korea,Baby Food,183812.0
South Korea,Cereal,252935.0
South Korea,Snacks,231256.0
South Korea,Fruits,236531.0
South Korea,Household,188559.0
South Korea,Office Supplies,280946.0
South Sudan,Vegetables,290273.0
South Sudan,Cereal,234234.0
South Sudan,Household,215163.0
South Sudan,Baby Food,219911.0
South Sudan,Meat,267070.0
South Sudan,Snacks,189679.0
South Sudan,Office Supplies,242807.0
South Sudan,Fruits,209429.0
South Sudan,Beverages,210945.0
South Sudan,Clothes,238466.0
South Sudan,Cosmetics,277823.0
South Sudan,Personal Care,197102.0
Spain,Household,203011.0
Spain,Beverages,202198.0
Spain,Office Supplies,259530.0
Spain,Snacks,260778.0
Spain,Meat,188822.0
Spain,Vegetables,237866.0
Spain,Clothes,177251.0
Spain,Baby Food,234636.0
Spain,Personal Care,202680.0
Spain,Cereal,194878.0
Spain,Fruits,247668.0
Spain,Cosmetics,222229.0
Sri Lanka,Beverages,229725.0
Sri Lanka,Cosmetics,230839.0
Sri Lanka,Personal Care,250939.0
Sri Lanka,Cereal,252301.0
Sri Lanka,Clothes,143585.0
Sri Lanka,Meat,237239.0
Sri Lanka,Baby Food,252766.0
Sri Lanka,Snacks,212103.0
Sri Lanka,Household,187808.0
Sri Lanka,Office Supplies,267366.0
Sri Lanka,Vegetables,213093.0
Sri Lanka,Fruits,207555.0
Sudan,Meat,227160.0
Sudan,Vegetables,268340.0
Sudan,Baby Food,297023.0
Sudan,Cereal,203627.0
Sudan,Snacks,289524.0
Sudan,Personal Care,285663.0
Sudan,Cosmetics,349506.0
Sudan,Fruits,228400.0
Sudan,Beverages,322510.0
Sudan,Clothes,271179.0
Sudan,Office Supplies,247153.0
Sudan,Household,195901.0
Swaziland,Beverages,185756.0
Swaziland,Baby Food,223987.0
Swaziland,Vegetables,207773.0
Swaziland,Office Supplies,170344.0
Swaziland,Fruits,211164.0
Swaziland,Cosmetics,187011.0
Swaziland,Meat,275601.0
Swaziland,Clothes,231601.0
Swaziland,Personal Care,210332.0
Swaziland,Household,218914.0
Swaziland,Snacks,291908.0
Swaziland,Cereal,236528.0
Sweden,Office Supplies,231004.0
Sweden,Vegetables,219681.0
Sweden,Beverages,226024.0
Sweden,Household,239841.0
Sweden,Baby Food,212949.0
Sweden,Clothes,230688.0
Sweden,Snacks,170571.0
Sweden,Cereal,267554.0
Sweden,Personal Care,215032.0
Sweden,Fruits,242330.0
Sweden,Meat,194537.0
Sweden,Cosmetics,248545.0
Switzerland,Clothes,201590.0
Switzerland,Office Supplies,169894.0
Switzerland,Household,209069.0
Switzerland,Vegetables,177625.0
Switzerland,Meat,205136.0
Switzerland,Snacks,174978.0
Switzerland,Beverages,239462.0
Switzerland,Cereal,193064.0
Switzerland,Cosmetics,219758.0
Switzerland,Baby Food,201868.0
Switzerland,Fruits,219904.0
Switzerland,Personal Care,255918.0
Syria,Office Supplies,227506.0
Syria,Vegetables,295247.0
Syria,Clothes,261827.0
Syria,Fruits,165087.0
Syria,Meat,205509.0
Syria,Snacks,242884.0
Syria,Household,182534.0
Syria,Cereal,249436.0
Syria,Cosmetics,254544.0
Syria,Baby Food,270036.0
Syria,Beverages,216253.0
Syria,Personal Care,298083.0
Taiwan,Vegetables,205094.0
Taiwan,Beverages,220836.0
Taiwan,Snacks,219156.0
Taiwan,Cereal,244494.0
Taiwan,Personal Care,260157.0
Taiwan,Meat,180822.0
Taiwan,Baby Food,232695.0
Taiwan,Fruits,184560.0
Taiwan,Household,206088.0
Taiwan,Office Supplies,216494.0
Taiwan,Clothes,226645.0
Taiwan,Cosmetics,190938.0
Tajikistan,Personal Care,165171.0
Tajikistan,Office Supplies,258339.0
Tajikistan,Beverages,209175.0
Tajikistan,Cosmetics,220230.0
Tajikistan,Baby Food,205295.0
Tajikistan,Snacks,264683.0
Tajikistan,Fruits,192664.0
Tajikistan,Cereal,300682.0
Tajikistan,Household,183614.0
Tajikistan,Vegetables,191764.0
Tajikistan,Meat,203742.0
Tajikistan,Clothes,261574.0
Tanzania,Household,296516.0
Tanzania,Fruits,238556.0
Tanzania,Vegetables,162189.0
Tanzania,Office Supplies,208357.0
Tanzania,Meat,171870.0
Tanzania,Cereal,336679.0
Tanzania,Cosmetics,243356.0
Tanzania,Baby Food,241062.0
Tanzania,Personal Care,272607.0
Tanzania,Snacks,228206.0
Tanzania,Clothes,178975.0
Tanzania,Beverages,243659.0
Thailand,Cereal,169079.0
Thailand,Household,150570.0
Thailand,Beverages,152395.0
Thailand,Meat,229566.0
Thailand,Vegetables,227535.0
Thailand,Snacks,206603.0
Thailand,Cosmetics,283076.0
Thailand,Baby Food,230776.0
Thailand,Personal Care,168296.0
Thailand,Fruits,175528.0
Thailand,Office Supplies,219283.0
Thailand,Clothes,291775.0
The Bahamas,Fruits,216300.0
The Bahamas,Snacks,223320.0
The Bahamas,Cereal,226324.0
The Bahamas,Beverages,209018.0
The Bahamas,Office Supplies,256316.0
The Bahamas,Personal Care,264037.0
The Bahamas,Baby Food,161406.0
The Bahamas,Meat,230041.0
The Bahamas,Clothes,264249.0
The Bahamas,Cosmetics,233676.0
The Bahamas,Household,181819.0
The Bahamas,Vegetables,170816.0
The Gambia,Meat,187167.0
The Gambia,Snacks,198342.0
The Gambia,Baby Food,257987.0
The Gambia,Personal Care,255202.0
The Gambia,Clothes,194460.0
The Gambia,Beverages,192732.0
The Gambia,Household,211787.0
The Gambia,Fruits,238238.0
The Gambia,Vegetables,199087.0
The Gambia,Office Supplies,227184.0
The Gambia,Cosmetics,219790.0
The Gambia,Cereal,187925.0
Togo,Household,231407.0
Togo,Personal Care,227014.0
Togo,Meat,205162.0
Togo,Baby Food,207348.0
Togo,Snacks,259984.0
Togo,Fruits,193407.0
Togo,Vegetables,217290.0
Togo,Clothes,290875.0
Togo,Cosmetics,211205.0
Togo,Beverages,165981.0
Togo,Cereal,208708.0
Togo,Office Supplies,198589.0
Tonga,Snacks,131531.0
Tonga,Household,206617.0
Tonga,Office Supplies,233731.0
Tonga,Cereal,277734.0
Tonga,Baby Food,224488.0
Tonga,Personal Care,255593.0
Tonga,Cosmetics,230765.0
Tonga,Beverages,284280.0
Tonga,Meat,198009.0
Tonga,Fruits,172041.0
Tonga,Vegetables,175363.0
Tonga,Clothes,175086.0
Trinidad and Tobago,Clothes,224952.0
Trinidad and Tobago,Vegetables,207459.0
Trinidad and Tobago,Cosmetics,240314.0
Trinidad and Tobago,Office Supplies,155984.0
Trinidad and Tobago,Fruits,253961.0
Trinidad and Tobago,Baby Food,225879.0
Trinidad and Tobago,Cereal,234648.0
Trinidad and Tobago,Beverages,201853.0
Trinidad and Tobago,Household,270971.0
Trinidad and Tobago,Snacks,216575.0
Trinidad and Tobago,Meat,230152.0
Trinidad and Tobago,Personal Care,165767.0
Tunisia ,Personal Care,236073.0
Tunisia ,Meat,258570.0
Tunisia ,Vegetables,170018.0
Tunisia ,Snacks,248508.0
Tunisia ,Beverages,273791.0
Tunisia ,Cereal,314454.0
Tunisia ,Cosmetics,229217.0
Tunisia ,Household,172823.0
Tunisia ,Office Supplies,272904.0
Tunisia ,Baby Food,267352.0
Tunisia ,Clothes,257353.0
Tunisia ,Fruits,254010.0
Turkey,Personal Care,276556.0
Turkey,Office Supplies,230355.0
Turkey,Vegetables,334055.0
Turkey,Beverages,228524.0
Turkey,Cosmetics,162649.0
Turkey,Household,191656.0
Turkey,Cereal,248135.0
Turkey,Fruits,229279.0
Turkey,Snacks,230726.0
Turkey,Meat,200962.0
Turkey,Baby Food,259224.0
Turkey,Clothes,140508.0
Turkmenistan,Vegetables,253785.0
Turkmenistan,Household,239376.0
Turkmenistan,Fruits,224534.0
Turkmenistan,Office Supplies,191187.0
Turkmenistan,Cereal,218580.0
Turkmenistan,Personal Care,203003.0
Turkmenistan,Snacks,276967.0
Turkmenistan,Cosmetics,331628.0
Turkmenistan,Baby Food,218672.0
Turkmenistan,Beverages,164874.0
Turkmenistan,Clothes,194286.0
Turkmenistan,Meat,244824.0
Tuvalu,Personal Care,154792.0
Tuvalu,Household,248824.0
Tuvalu,Fruits,259000.0
Tuvalu,Cereal,296577.0
Tuvalu,Meat,225249.0
Tuvalu,Beverages,186138.0
Tuvalu,Baby Food,224270.0
Tuvalu,Office Supplies,200048.0
Tuvalu,Clothes,213277.0
Tuvalu,Cosmetics,237121.0
Tuvalu,Vegetables,220946.0
Tuvalu,Snacks,206912.0
Uganda,Snacks,197212.0
Uganda,Beverages,213463.0
Uganda,Personal Care,168509.0
Uganda,Household,230227.0
Uganda,Cereal,315978.0
Uganda,Office Supplies,233690.0
Uganda,Fruits,230303.0
Uganda,Meat,219721.0
Uganda,Baby Food,254782.0
Uganda,Clothes,241310.0
Uganda,Cosmetics,236551.0
Uganda,Vegetables,215188.0
Ukraine,Snacks,220517.0
Ukraine,Fruits,209978.0
Ukraine,Clothes,198252.0
Ukraine,Meat,210448.0
Ukraine,Cereal,318650.0
Ukraine,Cosmetics,208571.0
Ukraine,Household,269750.0
Ukraine,Office Supplies,173525.0
Ukraine,Beverages,173866.0
Ukraine,Vegetables,206111.0
Ukraine,Baby Food,232519.0
Ukraine,Personal Care,192312.0
United Arab Emirates,Office Supplies,148624.0
United Arab Emirates,Meat,241053.0
United Arab Emirates,Baby Food,179915.0
United Arab Emirates,Beverages,209817.0
United Arab Emirates,Fruits,197464.0
United Arab Emirates,Cosmetics,277476.0
United Arab Emirates,Cereal,199806.0
United Arab Emirates,Personal Care,224229.0
United Arab Emirates,Vegetables,210537.0
United Arab Emirates,Clothes,349936.0
United Arab Emirates,Household,277067.0
United Arab Emirates,Snacks,210966.0
United Kingdom,Snacks,218283.0
United Kingdom,Baby Food,182296.0
United Kingdom,Meat,191147.0
United Kingdom,Office Supplies,205501.0
United Kingdom,Clothes,243761.0
United Kingdom,Vegetables,210723.0
United Kingdom,Cereal,207260.0
United Kingdom,Fruits,159814.0
United Kingdom,Personal Care,234825.0
United Kingdom,Beverages,240405.0
United Kingdom,Household,247447.0
United Kingdom,Cosmetics,249353.0
United States of America,Office Supplies,132453.0
United States of America,Personal Care,237751.0
United States of America,Beverages,246223.0
United States of America,Vegetables,215384.0
United States of America,Snacks,147138.0
United States of America,Baby Food,282685.0
United States of America,Meat,222758.0
United States of America,Fruits,197279.0
United States of America,Household,215005.0
United States of America,Cosmetics,163924.0
United States of America,Clothes,210859.0
United States of America,Cereal,277327.0
Uzbekistan,Beverages,235637.0
Uzbekistan,Meat,194540.0
Uzbekistan,Clothes,194917.0
Uzbekistan,Household,215593.0
Uzbekistan,Fruits,212754.0
Uzbekistan,Vegetables,136664.0
Uzbekistan,Cosmetics,282258.0
Uzbekistan,Baby Food,238909.0
Uzbekistan,Personal Care,251468.0
Uzbekistan,Snacks,196473.0
Uzbekistan,Office Supplies,199206.0
Uzbekistan,Cereal,168196.0
Vanuatu,Household,205107.0
Vanuatu,Baby Food,183559.0
Vanuatu,Fruits,239233.0
Vanuatu,Clothes,239429.0
Vanuatu,Meat,242566.0
Vanuatu,Vegetables,189783.0
Vanuatu,Cereal,222736.0
Vanuatu,Office Supplies,213586.0
Vanuatu,Beverages,256521.0
Vanuatu,Personal Care,219871.0
Vanuatu,Cosmetics,182807.0
Vanuatu,Snacks,271557.0
Vatican City,Beverages,277255.0
Vatican City,Office Supplies,209990.0
Vatican City,Personal Care,205789.0
Vatican City,Household,242844.0
Vatican City,Vegetables,254496.0
Vatican City,Clothes,306889.0
Vatican City,Fruits,221517.0
Vatican City,Cereal,184056.0
Vatican City,Meat,222541.0
Vatican City,Snacks,212725.0
Vatican City,Baby Food,278970.0
Vatican City,Cosmetics,209416.0
Vietnam,Cereal,237686.0
Vietnam,Household,208964.0
Vietnam,Beverages,216935.0
Vietnam,Fruits,241128.0
Vietnam,Baby Food,198394.0
Vietnam,Clothes,241258.0
Vietnam,Snacks,230301.0
Vietnam,Vegetables,227392.0
Vietnam,Meat,197889.0
Vietnam,Personal Care,222207.0
Vietnam,Office Supplies,146619.0
Vietnam,Cosmetics,203154.0
Yemen,Fruits,216111.0
Yemen,Vegetables,245923.0
Yemen,Cereal,276508.0
Yemen,Cosmetics,195916.0
Yemen,Meat,234441.0
Yemen,Snacks,257851.0
Yemen,Beverages,336903.0
Yemen,Personal Care,204313.0
Yemen,Household,228562.0
Yemen,Baby Food,280465.0
Yemen,Office Supplies,307741.0
Yemen,Clothes,181785.0
Zambia,Cosmetics,236787.0
Zambia,Personal Care,210396.0
Zambia,Vegetables,218954.0
Zambia,Household,167115.0
Zambia,Beverages,261650.0
Zambia,Snacks,210462.0
Zambia,Cereal,217181.0
Zambia,Office Supplies,270323.0
Zambia,Baby Food,208818.0
Zambia,Fruits,251203.0
Zambia,Clothes,168646.0
Zambia,Meat,275974.0
Zimbabwe,Snacks,205024.0
Zimbabwe,Cereal,255966.0
Zimbabwe,Meat,223688.0
Zimbabwe,Personal Care,184792.0
Zimbabwe,Clothes,180589.0
Zimbabwe,Office Supplies,243685.0
Zimbabwe,Baby Food,256453.0
Zimbabwe,Beverages,195697.0
Zimbabwe,Household,216573.0
Zimbabwe,Vegetables,204311.0
Zimbabwe,Fruits,178154.0
Zimbabwe,Cosmetics,223324.0
